accession,sequence,isotopes mass,isotopes intensity distribution,RT
BrIS-1,TPENF(4-Br)PSK,996.3552087781101;997.3554009781101;998.3531622781101,0.38276065689994937;0.18844325510571788;0.42879608799433283,12.1165
BrIS-2,LPPTTTF(4-Br)QQQK,1365.5928132745198;1366.59300547452;1367.5907667745198,0.33892496814534523;0.23709482236359825;0.4239802094910566,15.5729
BrIS-3,ADIGF(4-Br)TPGSGK,1126.4294363475299;1127.42962854753;1128.4273898475299,0.36861384489701915;0.20481063518493844;0.4265755199180425,16.9629
BrIS-4,DGYNNNIHF(4-Br)LTK,1512.59968956011;1513.59988176011;1514.59764306011,0.3238765045494721;0.2514190854539102;0.4247044099966176,18.5791
BrIS-5,EAAQDF(4-Br)EVLGQR,1439.5680550786599;1440.56824727866;1441.5660085786599,0.33662553702873715;0.2382530982007879;0.425121364770475,20.3957
BrIS-6,GQYIF(4-Br)VATSVAGEK,1546.66670649077;1547.66689869077;1548.66465999077,0.31875340698392995;0.25594380188003324;0.42530279113603686,22.4872
BrIS-7,YTF(4-Br)LPGYVR,1192.49164268127;1193.49183488127;1194.48959618127,0.3494559230386583;0.22802442229580633;0.42251965466553537,23.9436
BrIS-8,ASYLDF(4-Br)IR,1061.41814338784;1062.4183355878401;1063.41609688784,0.37054554307803705;0.2039789156074283;0.42547554131453463,25.6237
BrIS-9,WELF(4-Br)DIPR,1152.46034255299;1153.46053475299;1154.45829605299,0.35613442075300084;0.22066282669786424;0.4232027525491349,26.5539
